1001,Tom,Moody, 29/7/2013
1002,John,Parker, 30/7/2013
1003,Henry,Williams, 31/7/2013
1004,Tom,Moody, 29/7/2013
1005,John,Parker, 30/7/2013
1006,Henry,Williams, 31/7/2013
1007,Tom,Moody, 29/7/2013
1008,John,Parker, 30/7/2013
1009,Henry,Williams, 31/7/2013
1010,Tom,Moody, 29/7/2013
1011,John,Parker, 30/7/2013
1012,Henry,Williams, 31/7/2013
1013,Tom,Moody, 29/7/2013
1014,John,Parker, 30/7/2013
1015,Henry,Williams, 31/7/2013
1016,Tom,Moody, 29/7/2013
1017,John,Parker, 30/7/2013
1018,Henry,Williams, 31/7/2013
1019,Tom,Moody, 29/7/2013
1020,John,Parker, 30/7/2013
1021,Henry,Williams, 31/7/2013
